,id,sequence1,sequence2
0,FP000040,AGACATAGAAGCCACTGAAGAATGAAAGCCACGACTAAGTATAGCAAACCTCCGCAAATGTGCTAGTTTGGAAAACATCGTGTCTTTCAAGTAGAAAAATCACAGATTGACTATTTTTTTCTTCCCACAGTTCAGACTAGAATCCAGATTTTTAACCCAAGATCCAGGAACGGTCTTCAGAGAGTTCAAAATCTGACGGCGCCTGAGGACCACCCACTTTTTCGCAGTGGCAACAAAGTGTGGCTGGAGGAGGAGACATTATTCTGCTATGTCACTGCCCAAGGATGATGGACCAATCAGGGCAGTTAGTGAACTCCATCTGGCCAATTAGAAGTCAGAACAGTAGGCGGAACAAGCGAAGCGGATGTGGCTTCTATCAGTCCCGGCTCCAGGGACGGAACCTTCTCAAAGTGGGGGTGGAGACTCTAATTTTCCCGCCTAAAGCATCCCCTGGGATTGGCTACTTTAAGTTCAGAGTACGCATGCTCTGACTTTCTCTCTCTTTCGATTCTTCCATACTCAGAGTACGCACGGTCTGATTTTCTCTTTGGATTCTTCCAAAATCAGAGTAAGCATACGCCGATTTTCTTTTTCCATTCT,AGACATAGAAGCCATTGAAGAATGAAAGCCACGACTAAGTATAGCAAACCTCCGCAAATGTGCTAGTTTGGAAAACATCGTGTCTTTCAAGTAGAAAAATCACAGATTGACTATTTTTTTCTTCCCACAGTTCAGACTAGAATCCAGATTTTTAACCCAAGATCCAGGAACGGTCTTCAGAGAGTTCAAAATCTGACGGCGCCTGAGGACCACCCACTTTTTCGCAGTGGCAACAAAGTGTGGCTGGAGGAGGAGACATTATTCTGCTATGTCACTGCCCAAGGATGATGGACCAATCAGGGCAGTTAGTGAACTCCATCTGGCCAATTAGAAGTCAGAACAGTAGGCGGAACAAGCGAAGCGGATGTGGCTTCTATCAGTCCCGGCTCCAGGGACGGAACCTTCTCAAAGTGGGGGTGGAGACTCTAATTTTCCCGCCTAAAGCATCCCCTGGGATTGGCTACTTTAAGTTCAGAGTACGCATGCTCTGACTTTCTCTCTCTTTCGATTCTTCCATACTCAGAGTACGCACGGTCTGATTTTCTCTTTGGATTCTTCCAAAATCAGAGTAAGCATACGCCGATTTTCTTTTTCCATTCT
1,FP000021,CTGTCTCTATTTAAAACAAAAGATGTAAGGAAAAAAAAGAAAAAAAATGTCAGAGAAGTTCTGGGCCACCTCCCCCATCCCCTACTCCTCCAAAACACACACACACACACACACCTGTCTATAGTCTAAGCAGGTCCTGCTTTTGTAACCCACCCGGGACAGTCCCTGCAACTCCAGCCTGACCTCACTTCCTGCTTCCATAGCTAGTTTGTTTTTCTGACACTTATTGGTAGACACTCCAGATCATTTCATTTTGCTTCCAGTACCCTTTCCACTTCCTAATACAAATGCAAAACAACCTGGGAATCCCCTTTCAGGGGGAAACAACGGTGCAGCTTTAAGAGAAAGAGAAGGGAGGAAGGGGGCGCTGACTCAGATCCTCAGATCCATTGGCTGCTGGAGGGAATCCCACCTCAGGGATTGGGCGTAACAGAGTCCGCCTCCTCTTGTGATTGGCTCAGCCAGAAAAATAAAAGGCGGCTGTGCCGGCCTCCTCCTCAGTTGGAGGGAGGCAGGGAATCTGGCTTGATTGGCGTGCTGAGACGCACCTGGCGCAACCCTCCCTTCTGAATCGAAGTTCAAGTCCCGCGGACACTGCAA,CGGTCTCTATTTAAAACAAAAGATGTAAGGAAAAAAAAGAAAAAAAATGTCAGAGAAGTTCTGGGCCACCTCCCCCATCCCCTACTCCTCCAAAACACACACACACACACACACCTGTCTATAGTCTAAGCAGGTCCTGCTTTTGTAACCCACCCGGGACAGTCCCTGCAACTCCAGCCTGACCTCACTTCCTGCTTCCATAGCTAGTTTGTTTTTCTGACACTTATTGGTAGACACTCCAGATCATTTCATTTTGCTTCCAGTACCCTTTCCACTTCCTAATACAAATGCAAAACAACCTGGGAATCCCCTTTCAGGGGGAAACAACGGTGCAGCTTTAAGAGAAAGAGAAGGGAGGAAGGGGGCGCTGACTCAGATCCTCAGATCCATTGGCTGCTGGAGGGAATCCCACCTCAGGGATTGGGCGTAACAGAGTCCGCCTCCTCTTGTGATTGGCTCAGCCAGAAAAATAAAAGGCGGCTGTGCCGGCCTCCTCCTCAGTTGGAGGGAGGCAGGGAATCTGGCTTGATTGGCGTGCTGAGACGCACCTGGCGCAACCCTCCCTTCTGAATCGAAGTTCAAGTCCCGCGGACACTGCAA
2,FP000026,TATAGTCCACTTCATTCATTAATCATCAAACATGCTATGGATTTTCCATTTTTATAGGATTTGTGTCTTAACTGGGGTAATACTGGTAATTCTTATACTCCCTCTGAAGATGAAAAATGTAGGCCAAAATCATAGACCATGCATAGAAGCTGGATAATGAAGACAGCTCTGGAGGAACATGTAGACACACACACACTGACACACATATATATAAAGTATAAATACATATTTTTTTAAAGTTTATTTTTAACATTTTAAAGCAAAAACCAGCCCTCCCCTCTCCCGGAGTAGGCAGGCCCCGCCCCTCTCCCCAAGTGGGCAGGGACAGCAGTCGCATGGGCAGCTTTCCTTGTGATGTCACAGGTTCCTCTGGGCACACTGCTGCCTGGCCACGCCTCCTTTCCCTTTCATCTTTCTCATTGACCAATGGGATTGGAGCATTAAGGCCACACCCCTATTCTGCATTCTAGTGTGGCCCTGGTTACGCCTCCTCTGGCTCAGTCACACAGCAGCCTTGTAGGTGACTGGAGGTGTTCGCTGATGTGGCCCCAACCCTACCTCCCTCCCCACCCCATGATGTTAGAAGAATCTCGACAGAAT,TATAGTCCACTTCATTCATTAATCATCAAACATGCTATGGATTTTCCATGTTTATAGGATTTGTGTCTTAACTGGGGTAATACTGGTAATTCTTATACTCCCTCTGAAGATGAAAAATGTAGGCCAAAATCATAGACCATGCATAGAAGCTGGATAATGAAGACAGCTCTGGAGGAACATGTAGACACACACACACTGACACACATATATATAAAGTATAAATACATATTTTTTTAAAGTTTATTTTTAACATTTTAAAGCAAAAACCAGCCCTCCCCTCTCCCGGAGTAGGCAGGCCCCGCCCCTCTCCCCAAGTGGGCAGGGACAGCAGTCGCATGGGCAGCTTTCCTTGTGATGTCACAGGTTCCTCTGGGCACACTGCTGCCTGGCCACGCCTCCTTTCCCTTTCATCTTTCTCATTGACCAATGGGATTGGAGCATTAAGGCCACACCCCTATTCTGCATTCTAGTGTGGCCCTGGTTACGCCTCCTCTGGCTCAGTCACACAGCAGCCTTGTAGGTGACTGGAGGTGTTCGCTGATGTGGCCCCAACCCTACCTCCCTCCCCACCCCATGATGTTAGAAGAATCTCGACAGAAT
3,FP000033,GGTGGGTAGAGTGGGGAGCCCTGGCAGGCCCTGACGCCAGGCAGTGGGGCTTGGGGCGATCGGGCGAGCCATCAGGGTGCAGGTGGTCTCCTAGGGGCCCCCCACATTCCCTCGCAGTATTTACACATTGATTCCGGCCTTCTTAGACCTACTGGTCAATGCGTGCGAGTGGGGGGCTGCGAACGGACTTGGACTTAAGAGTTCAGGGGGTCTGTACCCTGGGGGTCCCCAAGGCTCCTGGGGTGTCCACGTGCGGGGGGTGACCAGGCCCTGCCACGCAGCCCCTTTGCACGCTGGGCGCGCCCAGCAGAGCGCGCAGGGCTGGGCGGAGCCGTGGCCCACTAGGCGGAGGCGCCGTGGACAGAGGCGGGGGCGCCCCCCACCCTCTTTCTCGCTTCCCGCCACTGCGTCGGCCAATCAGGAGGCAGGCGCCCGCCCCCGGCACGGCCTCCTGCGGCCCCGCAACTCCCAAATGCCGAGTTTTCGCGGGAAAAAAATCAGAGCAGCTGGCAGCGCGGCGGGCAGCGTTTGCCGAGCGGGCGCTCCGGGTCGCACGCAAGTCCGCGCGGGGTCCGGGCCACGCACGCGGTTTCATCGCCA,GGTGGGTAGAGTGGGGAGCCCTGGCACGCCCTGACGCCAGGCAGTGGGGCTTGGGGCGATCGGGCGAGCCATCAGGGTGCAGGTGGTCTCCTAGGGGCCCCCCACATTCCCTCGCAGTATTTACACATTGATTCCGGCCTTCTTAGACCTACTGGTCAATGCGTGCGAGTGGGGGGCTGCGAACGGACTTGGACTTAAGAGTTCAGGGGGTCTGTACCCTGGGGGTCCCCAAGGCTCCTGGGGTGTCCACGTGCGGGGGGTGACCAGGCCCTGCCACGCAGCCCCTTTGCACGCTGGGCGCGCCCAGCAGAGCGCGCAGGGCTGGGCGGAGCCGTGGCCCACTAGGCGGAGGCGCCGTGGACAGAGGCGGGGGCGCCCCCCACCCTCTTTCTCGCTTCCCGCCACTGCGTCGGCCAATCAGGAGGCAGGCGCCCGCCCCCGGCACGGCCTCCTGCGGCCCCGCAACTCCCAAATGCCGAGTTTTCGCGGGAAAAAAATCAGAGCAGCTGGCAGCGCGGCGGGCAGCGTTTGCCGAGCGGGCGCTCCGGGTCGCACGCAAGTCCGCGCGGGGTCCGGGCCACGCACGCGGTTTCATCGCCA
4,FP000025,TTTACGACGCCCAGAGCGCTCCTTCTGGACGTGCCCTGGACTCGACTTGGGACTGAGTCTGTGCCGCCTAGGCTGGCAGGGACTCGGCCAGATGCACTAGCGGCAAGGCTGGGCTGACACCGCCTGGGACTCGCTCGCCGTACCTCCAAGGGGCCCAGGTCATGAGGGGGCGGCTGGGGAGACGCCCGCCCGGTGCCCGCCCTGGGCCCGGCGGGTGCCCCCTGCCCGCCGCCTGACGCAATCCGAGGCGCCCTTGCTGCATGCCGGCGCTGGAGAAACCTCCCCTGCCGTTGCATCACTCCTGCCAGGTTTGCCACAGAGGTGGAGCTGAACCAATCAGCGGGCGCGCTGGGCCCGCGGCGCGGTTAAGTGAGAAGCAGAATCCGAAGTTGATTGGCCAAAAGGGGATTTGCCCCACCCCAATCACCGCGGCAGCTGGCCGCGGTGGGCGTGGTCTCCCGGCAAGAAGGTTTAAAGGGCGCCTCCATGGGGGGCGCTCAGCTGGAGCTACCGAGCGGTGCCAGGCCAGGTGTGTGCGTCCGTCGGTCTTTCCGTGCCCACGCCGGAGACCAGCCCCGGAGGCCGCCTGGGCCTATCCCT,TTTACGACGCCCAGAGCGCTCCTTCTGGACGTGCCCTGGACTCGATTTGGGACTGAGTCTGTGCCGCCTAGGCTGGCAGGGACTCGGCCAGATGCACTAGCGGCAAGGCTGGGCTGACACCGCCTGGGACTCGCTCGCCGTACCTCCAAGGGGCCCAGGTCATGAGGGGGCGGCTGGGGAGACGCCCGCCCGGTGCCCGCCCTGGGCCCGGCGGGTGCCCCCTGCCCGCCGCCTGACGCAATCCGAGGCGCCCTTGCTGCATGCCGGCGCTGGAGAAACCTCCCCTGCCGTTGCATCACTCCTGCCAGGTTTGCCACAGAGGTGGAGCTGAACCAATCAGCGGGCGCGCTGGGCCCGCGGCGCGGTTAAGTGAGAAGCAGAATCCGAAGTTGATTGGCCAAAAGGGGATTTGCCCCACCCCAATCACCGCGGCAGCTGGCCGCGGTGGGCGTGGTCTCCCGGCAAGAAGGTTTAAAGGGCGCCTCCATGGGGGGCGCTCAGCTGGAGCTACCGAGCGGTGCCAGGCCAGGTGTGTGCGTCCGTCGGTCTTTCCGTGCCCACGCCGGAGACCAGCCCCGGAGGCCGCCTGGGCCTATCCCT
5,FP000030,CAGAAACATGAGAAAGTGCCACTCGTAGCGGAGAGGAAAGAAAACCTCAAGGATACGGTTCCCGAGCCTGAGCCCGCTCCCAGCCTTAGCCCCCCAACCCCAGGCTCCGTCCCAGGAGCAGTCGACGCCTCAAAGCGTACGGGACAGGAAGGGGGTGGGGGCGAGAGTCTTGGTTCCCCAGAACGAACGGATCCATAGCGGTTCCCGGTGCCGCAGGCCGCGCGCTTCTCCGACCCCAGCGCGGGGCCCTCGGGCGGGAATGAGCCGAGCCGGGACTTAGCGGCGGGTAGGGGGTTGGGTGGCGCGGGAGAGGGCGGCAGAAGGAGGGAGTTCGAAGAGAGTTGCCGCCAGGGAGAGTGGCAAGTGCCCGCGGTCTCCTTGGAGACGTGCTGGCCAATGGCAGAGGCGGAAGCTGTTTATGGGGGCGGAGCGTCGCCATGGCAGCAGGAGAAGCCTTTGGAGCGGCTACTTAATGCCGGTCCCGGGGCCGCGGTAGCTCAGAGAAGCGCCGTCGGGCGGGGGGGCGGCAAGAGGCGCTGGCAGGGCCCCCGAGCTGGGGGCAGAGAGCCGCAGGGGGTGGGAGCAACTTCTTCCAGAACC,CACAAACATGAGAAAGTGCCACTCGTAGCGGAGAGGAAAGAAAACCTCAAGGATACGGTTCCCGAGCCTGAGCCCGCTCCCAGCCTTAGCCCCCCAACCCCAGGCTCCGTCCCAGGAGCAGTCGACGCCTCAAAGCGTACGGGACAGGAAGGGGGTGGGGGCGAGAGTCTTGGTTCCCCAGAACGAACGGATCCATAGCGGTTCCCGGTGCCGCAGGCCGCGCGCTTCTCCGACCCCAGCGCGGGGCCCTCGGGCGGGAATGAGCCGAGCCGGGACTTAGCGGCGGGTAGGGGGTTGGGTGGCGCGGGAGAGGGCGGCAGAAGGAGGGAGTTCGAAGAGAGTTGCCGCCAGGGAGAGTGGCAAGTGCCCGCGGTCTCCTTGGAGACGTGCTGGCCAATGGCAGAGGCGGAAGCTGTTTATGGGGGCGGAGCGTCGCCATGGCAGCAGGAGAAGCCTTTGGAGCGGCTACTTAATGCCGGTCCCGGGGCCGCGGTAGCTCAGAGAAGCGCCGTCGGGCGGGGGGGCGGCAAGAGGCGCTGGCAGGGCCCCCGAGCTGGGGGCAGAGAGCCGCAGGGGGTGGGAGCAACTTCTTCCAGAACC
6,FP000011,TCCAGGACCACCACGGATGCTCAGACCCAAAGATACTGTAGTCCCTTATATAAAATGATGCAGTATTTCCATATAACCTATACGCATCCTTCCATATGCCTTACATCATCTCTAGATTACTTGTAATACTTAAGACAACGTAAACGCTATCTAAGTAATTGTTATACTATAGTTTTATTTGTATTTTTATTGCTGTATTGTTATTTTTAATTTAAAACTTTTTTCCAAATATTTTAAATCTGTGCTTCGTTGAATCTGTGGATGTGGAACCCAGACAAAGAGCACCGGCTGTATTAAAATTAAAAAAATTATTAACCAAAAAAAAAAAAAGTAAAACAAGCAAGCAATCACCAATACTCTCTGTTCCAGAAGGCACAGAAGAGGGGAGGAGTTGGGGGGAGGTTCCGCAGCAGGGGCTGTGCCTGGTTGCTCAGCAGTGAAGGAAGCCAAGGAGGGCTTAGAATGTTTGTGGTTTCCACGGCGACAGCCCAGCCCAGGCAGCTGGAGGGAAGGAAGCGATGGCGGAGGAGCGGGAGCCTGAATGTAAGTGGCCTGGAGCGGCTCTTGCTGGCTTGTGAGATTTGCTTGATGTTCAATTGT,TCCAGGACCACCACGGATGCTCAGACCCAAACATACTGTAGTCCCTTATATAAAATGATGCAGTATTTCCATATAACCTATACGCATCCTTCCATATGCCTTACATCATCTCTAGATTACTTGTAATACTTAAGACAACGTAAACGCTATCTAAGTAATTGTTATACTATAGTTTTATTTGTATTTTTATTGCTGTATTGTTATTTTTAATTTAAAACTTTTTTCCAAATATTTTAAATCTGTGCTTCGTTGAATCTGTGGATGTGGAACCCAGACAAAGAGCACCGGCTGTATTAAAATTAAAAAAATTATTAACCAAAAAAAAAAAAAGTAAAACAAGCAAGCAATCACCAATACTCTCTGTTCCAGAAGGCACAGAAGAGGGGAGGAGTTGGGGGGAGGTTCCGCAGCAGGGGCTGTGCCTGGTTGCTCAGCAGTGAAGGAAGCCAAGGAGGGCTTAGAATGTTTGTGGTTTCCACGGCGACAGCCCAGCCCAGGCAGCTGGAGGGAAGGAAGCGATGGCGGAGGAGCGGGAGCCTGAATGTAAGTGGCCTGGAGCGGCTCTTGCTGGCTTGTGAGATTTGCTTGATGTTCAATTGT
7,FP000005,CTTGAACTCGGGAGGCGGAGGTTGCAGTGAGCCGAGATCTCGCCGCTGCACTCCAGCCTGGGCGACAGAGCCAGACTCTGTCTCAAAAAAAAAAAGAAGAAGAAAAGAAAAAGAAAGAAAGAAAAAGGATGGAAGGAGAGAAGAAAAGGAAAGGGGGAAGGGAAGGGGGAAGGGAAGGCGGAAGGGAAGGGAAAGAAAGAAGCGTATTTAGGCAGTATCGCGTTGATTTCAGTCCACGGAACCTCTGGTGACCGGGTAGTGTGACTCCGTCATTGGTAGCCCCCCGCCCACACAGCCGGGACTCGCGGCCTTTGAGGACGTGGGCAGGGCCAGTCTCGCCACGCCGCGGCCAATGCCCCGACCACACGCTGGCCACAGGAGTCCTGGCTCCCATTGGCTGCAGCGGGAAATGGTGAACCAATGCTCATAGACCTTAACGCCCTCCTCTCGGGATCACTTCCGCCTCTGGGGTCAGGCTCCGCCCAGCTTGCCCGGCATCACTCGCGGCATTGGAGTCAAGATGGAGGAGTACGCGCGAGAGCCTTGGTGAGCTTCACCGCTGTCTTTGCATTTCTCTTGCCCCCCTGCCCACTGCCCTCC,CTTGAACTCGGAAGGCGGAGGTTGCAGTGAGCCGAGATCTCGCCGCTGCACTCCAGCCTGGGCGACAGAGCCAGACTCTGTCTCAAAAAAAAAAAGAAGAAGAAAAGAAAAAGAAAGAAAGAAAAAGGATGGAAGGAGAGAAGAAAAGGAAAGGGGGAAGGGAAGGGGGAAGGGAAGGCGGAAGGGAAGGGAAAGAAAGAAGCGTATTTAGGCAGTATCGCGTTGATTTCAGTCCACGGAACCTCTGGTGACCGGGTAGTGTGACTCCGTCATTGGTAGCCCCCCGCCCACACAGCCGGGACTCGCGGCCTTTGAGGACGTGGGCAGGGCCAGTCTCGCCACGCCGCGGCCAATGCCCCGACCACACGCTGGCCACAGGAGTCCTGGCTCCCATTGGCTGCAGCGGGAAATGGTGAACCAATGCTCATAGACCTTAACGCCCTCCTCTCGGGATCACTTCCGCCTCTGGGGTCAGGCTCCGCCCAGCTTGCCCGGCATCACTCGCGGCATTGGAGTCAAGATGGAGGAGTACGCGCGAGAGCCTTGGTGAGCTTCACCGCTGTCTTTGCATTTCTCTTGCCCCCCTGCCCACTGCCCTCC
8,FP000013,CCGCGGGGGTGGCTCGCGATGGCAGTCGGGGTTCGAGTCCCGCCTGGGGGGCTGCTCCTGCTGGAGAAAACGCCTCCCTGAGGGCGGCGGCAAACGCGCAGCGAGGCCCCGTGCCGCGCCAGAAGCCACCCTGAGAAAGGGGCACCGGGACACCGAGGGGTTCCCACTTTCTCCTCAGCCTGTGACGCCCGCGTCCTCGGGTGGGTTCGAGGGGCGCCTGGGCACGGCCAGCCGAGGCTCTCGAGAGCCCCAGTGTCGTTTTCCACCTCAGGCCTCCTTTCCTGAGGCAGAGCCCGGGACCTCGCGCTCTCGCCTCAGGCTCCGGCCCACGCTCCCGCCCGGCCGCCAGGCGCGCAACGGAAAGCGCCCCCGCCCCGCCCCGCTCCGCCCACTGCGTGACGCGCACCCGGCCGAGCCAATCAGAGCTCGTGGCGCGCGCCCCACACGCCGGCCCCCTCCGCCCCTCAGCTTAAGAAAGGGCGCGCGGACCCGGCAGGCCAGAGTGCCGAGCAGCGCGGTGGGTGCGGCTGTGAGACGGCAGGAGACTTCTGCCCCGCGGTGCACGCGACCCTCGAGACGACAGCGCGGCTACTGCCAGCA,CCGCGGGGGTGGCTCGCGATGGCAGTCGAGGTTCGAGTCCCGCCTGGGGGGCTGCTCCTGCTGGAGAAAACGCCTCCCTGAGGGCGGCGGCAAACGCGCAGCGAGGCCCCGTGCCGCGCCAGAAGCCACCCTGAGAAAGGGGCACCGGGACACCGAGGGGTTCCCACTTTCTCCTCAGCCTGTGACGCCCGCGTCCTCGGGTGGGTTCGAGGGGCGCCTGGGCACGGCCAGCCGAGGCTCTCGAGAGCCCCAGTGTCGTTTTCCACCTCAGGCCTCCTTTCCTGAGGCAGAGCCCGGGACCTCGCGCTCTCGCCTCAGGCTCCGGCCCACGCTCCCGCCCGGCCGCCAGGCGCGCAACGGAAAGCGCCCCCGCCCCGCCCCGCTCCGCCCACTGCGTGACGCGCACCCGGCCGAGCCAATCAGAGCTCGTGGCGCGCGCCCCACACGCCGGCCCCCTCCGCCCCTCAGCTTAAGAAAGGGCGCGCGGACCCGGCAGGCCAGAGTGCCGAGCAGCGCGGTGGGTGCGGCTGTGAGACGGCAGGAGACTTCTGCCCCGCGGTGCACGCGACCCTCGAGACGACAGCGCGGCTACTGCCAGCA
9,FP000038,TAAAGGAGCGCCCGCTTTAAATTTCGGTCCTGATATTTGTAGATCAGGGTCCGAGAAGCATCTTCCAAGAGGGTCCGGAAACCCAGGCTCTCTGGGCTATCCAGAGCCAGCCGCTTCTCCGTTCGGGCCTCAATTTCTCTCATCTGTGAAATGGAGCTGGAGAAGTGAGAAAGTGAATATGGGAAAAACTGATTCCTGAGGTCTTTTCATTATAAGGCAATGCCTGCTTAGCTTCCTTGCCTCCTTCCAGAGGAGCCCAGTGCGGCCCTCGCCTCTACCCGCTGCCCTGCCCGGTGCCCTGCCACCGACCCACCCTTGCTGTTCTGAAACCCGGGTCGTCTTTCCACACTGCGAGCAGGCACTAGACGAGCAGGAGGCTGGACCTAGGAGCGCGGGTCACGCCCCCATGCCGCCCATTGGCTGCTTTTGAACGTTCTGAGCCCGCCCCTCCGGGGGCCGTGGCGTGTTTATAAAAGACAAGCTGTGGCTCCGCACTCTCATTCCACGTTCTTAACTGTTCCATTTTCCGTATCTGCTTCGGGCTTCCACCTCATTTTTTTCGCTTTGCCCATTCTGTTTCAGCCAGTCGCCAAGAATCAT,TAAAGGAGCGCCCGGTTTAAATTTCGGTCCTGATATTTGTAGATCAGGGTCCGAGAAGCATCTTCCAAGAGGGTCCGGAAACCCAGGCTCTCTGGGCTATCCAGAGCCAGCCGCTTCTCCGTTCGGGCCTCAATTTCTCTCATCTGTGAAATGGAGCTGGAGAAGTGAGAAAGTGAATATGGGAAAAACTGATTCCTGAGGTCTTTTCATTATAAGGCAATGCCTGCTTAGCTTCCTTGCCTCCTTCCAGAGGAGCCCAGTGCGGCCCTCGCCTCTACCCGCTGCCCTGCCCGGTGCCCTGCCACCGACCCACCCTTGCTGTTCTGAAACCCGGGTCGTCTTTCCACACTGCGAGCAGGCACTAGACGAGCAGGAGGCTGGACCTAGGAGCGCGGGTCACGCCCCCATGCCGCCCATTGGCTGCTTTTGAACGTTCTGAGCCCGCCCCTCCGGGGGCCGTGGCGTGTTTATAAAAGACAAGCTGTGGCTCCGCACTCTCATTCCACGTTCTTAACTGTTCCATTTTCCGTATCTGCTTCGGGCTTCCACCTCATTTTTTTCGCTTTGCCCATTCTGTTTCAGCCAGTCGCCAAGAATCAT
10,FP000015,TCCTTCCCGGGCTCAGCTGCACATCCTGCAGAGCTGGGTGGGCGGGGTCAGGGGCAGTGAGGACCCAGGAGAGCAGTGGCCAGCGCCAGCCCCCTCCAGCCCCGCAAAGAGAGAGGCGAGTGGAGAGGAGGAAGGCCACCTTGGGACCCTGGGAGGCAGCAGATGACAGCCCGCCCAGCGCCCGGGAGGGGGCGTGGGAGGGGCGCCCAGTGCCCGGCTCAGTCCCTCGGTCCCCGCAGGCTGAATGAGCCCCGCCGTCCGGGGTGGGAGGTACGGAGCGGAGGGATTAGTCATCCTGGCCCCGCCATGTGTGCAGGGGGTGGGACCTCCCGTCCCTTGCCGCCCGGGAGCCGAGTGGGCGCAGGGCGGGGCCTGCAGGGGCGCGGGCGGGGCGCTGGCGGGGAGCCTGCGGCTGGGCCAATGAGAAACCGGGCTCGGCGAGCCGGCCGCCCACGGGCCTCGCTGGCTGCATAAAGAGCCGGCGGCCAGGACTCAGCGCAGAGCTCGGGCGCGGCGTCCTCCCTCCGCAGCAGCCGAGCCGGACCTGCCTCCCCGGGCGTGCTCCGCCGGCCCCGCCGCCGGCCCGCAGCGACAGACAGG,TCCTTCCCGGGCTCAGCTGCACATCCTGCAGAGCTGGATGGGCGGGGTCAGGGGCAGTGAGGACCCAGGAGAGCAGTGGCCAGCGCCAGCCCCCTCCAGCCCCGCAAAGAGAGAGGCGAGTGGAGAGGAGGAAGGCCACCTTGGGACCCTGGGAGGCAGCAGATGACAGCCCGCCCAGCGCCCGGGAGGGGGCGTGGGAGGGGCGCCCAGTGCCCGGCTCAGTCCCTCGGTCCCCGCAGGCTGAATGAGCCCCGCCGTCCGGGGTGGGAGGTACGGAGCGGAGGGATTAGTCATCCTGGCCCCGCCATGTGTGCAGGGGGTGGGACCTCCCGTCCCTTGCCGCCCGGGAGCCGAGTGGGCGCAGGGCGGGGCCTGCAGGGGCGCGGGCGGGGCGCTGGCGGGGAGCCTGCGGCTGGGCCAATGAGAAACCGGGCTCGGCGAGCCGGCCGCCCACGGGCCTCGCTGGCTGCATAAAGAGCCGGCGGCCAGGACTCAGCGCAGAGCTCGGGCGCGGCGTCCTCCCTCCGCAGCAGCCGAGCCGGACCTGCCTCCCCGGGCGTGCTCCGCCGGCCCCGCCGCCGGCCCGCAGCGACAGACAGG
11,FP000014,ACTCGCACAAGTGTCCAGAGATCGTAGCCAGACAGCCAGCCTGCGCTTGAAGCAACTTTTAAGTGAGGCTGCAAGAGCCGCCGGGATGTAGATTTTAGTTCGTGGCCAAGCACAACTACGACACCCTGTCCCTGCCCCCACCCCATCCCCAAGAATGCATGGAGGAAGGAGAGAGGACGAGGTGAGGGCCGCCTGCATTTCTGCACGTCGGCGCCGGTTAGAAACCCTGCAGTTTTGAGAGAGAAGAAGAGGAGATGGAGGGGCCAGGAGCCACGACTCCCGGGAGAGCGCAGGGAGGGGCGTGGGTGCCCCTTCGCCCACCTCCGCCCCCGTCACCTCGACAGCTGTCCCGCTCTTGGAATTCATTGGCTTCCTCTACCCGGCCTCCCAAACACCACCCCAATCTAGTTTAGCCCCCCGCCCCACCCTCGCTGACCTAATAAGGCCATGCAGTGTGCGGGGGAGCTACATAAAAGCGCGGGCTCGCGGCGACTCTGCACCACGCAGGGGAAGAGAAAGCAGGAGCCGTCCAGCACGGAGGAAGGCGACCATGGCCAAGGAGTGGGGCTACGCCAGTCACAACGGTGAGTGCAGGCAGCC,ACTCGCACAAGTGTCCAGACATCGTAGCCAGACAGCCAGCCTGCGCTTGAAGCAACTTTTAAGTGAGGCTGCAAGAGCCGCCGGGATGTAGATTTTAGTTCGTGGCCAAGCACAACTACGACACCCTGTCCCTGCCCCCACCCCATCCCCAAGAATGCATGGAGGAAGGAGAGAGGACGAGGTGAGGGCCGCCTGCATTTCTGCACGTCGGCGCCGGTTAGAAACCCTGCAGTTTTGAGAGAGAAGAAGAGGAGATGGAGGGGCCAGGAGCCACGACTCCCGGGAGAGCGCAGGGAGGGGCGTGGGTGCCCCTTCGCCCACCTCCGCCCCCGTCACCTCGACAGCTGTCCCGCTCTTGGAATTCATTGGCTTCCTCTACCCGGCCTCCCAAACACCACCCCAATCTAGTTTAGCCCCCCGCCCCACCCTCGCTGACCTAATAAGGCCATGCAGTGTGCGGGGGAGCTACATAAAAGCGCGGGCTCGCGGCGACTCTGCACCACGCAGGGGAAGAGAAAGCAGGAGCCGTCCAGCACGGAGGAAGGCGACCATGGCCAAGGAGTGGGGCTACGCCAGTCACAACGGTGAGTGCAGGCAGCC
12,FP000028,GCGTGGGGGTCTGGTCCCCAAGATGTTGGGCTTGGGGCCCTCTCGGGCCCTCCATACTCCCCAAGGTGTGGGTCAAGGGCTCTAGCTGTCTGGGCAGTGCCCATGCACCCTGCCCTGCCCCGCATTGGTAAGCTGTGCATGTCTGTGACGACCCTGTGTGTACCTGACATGGGTGAGTCTGTACGTGTGGTCTCGGCTTTTGTATTCGGAGGATCCCGTGTGAGCTGCAGCTGTTGGCGTGTGCCTATGTGCTGGGGGCGGATGCAGGGGCTGGGGACCATCAAGGATGATGTGTGGCTGGGGTGGGAGGAGCAGTGACAGGGCTGGGGCAAGGAGGACTTCAGAAGCCAATTGGAGCCAGGCTTGTCTCCCAGCAGCCAATATGGGAGCTGGGGCTCCTGGTAAGCGAGTGGCTGCTCAGAAACCCTGCGGGGAGGAGGGGCTAGCTAGGCTGGGCCAGGATCCCTGTATAAATGGCCCAGGAGCTGTGCCCCATCACAGAGCCGACCATCTCCCACTCGAGCTGCCCCCGCCCTCTGGACCCGAGTGACTCAGGCCTTTGTTTGTCCTTCCTGGTAGAGGCGGGTTCCCTCCCTCGGC,GCGTGGGGGTCTGGTCCCCAAGATGTTGGGCTTGGGGCCCGCTCGGGCCCTCCATACTCCCCAAGGTGTGGGTCAAGGGCTCTAGCTGTCTGGGCAGTGCCCATGCACCCTGCCCTGCCCCGCATTGGTAAGCTGTGCATGTCTGTGACGACCCTGTGTGTACCTGACATGGGTGAGTCTGTACGTGTGGTCTCGGCTTTTGTATTCGGAGGATCCCGTGTGAGCTGCAGCTGTTGGCGTGTGCCTATGTGCTGGGGGCGGATGCAGGGGCTGGGGACCATCAAGGATGATGTGTGGCTGGGGTGGGAGGAGCAGTGACAGGGCTGGGGCAAGGAGGACTTCAGAAGCCAATTGGAGCCAGGCTTGTCTCCCAGCAGCCAATATGGGAGCTGGGGCTCCTGGTAAGCGAGTGGCTGCTCAGAAACCCTGCGGGGAGGAGGGGCTAGCTAGGCTGGGCCAGGATCCCTGTATAAATGGCCCAGGAGCTGTGCCCCATCACAGAGCCGACCATCTCCCACTCGAGCTGCCCCCGCCCTCTGGACCCGAGTGACTCAGGCCTTTGTTTGTCCTTCCTGGTAGAGGCGGGTTCCCTCCCTCGGC
13,FP000035,TACATTTTCAGTCTCTTTTAACTCGTTTAATCTTCACCACAGCCCCATAAGGTGGGTACTCTTACTATCCGCAAAGAGAAGCTGTGACTGGCAGCAGGTCACCCAGCGAGGAAGTGGTCGCGCTGCGATTTGAACCCAAGTTGACAGGGAGAGGGAGTGAAAGGAGTTTACAGTAGAGGCAGTTGGCCAGGCCCGGGTCCTGGAGCCAGGAAACAGTGGGGCTGGGGTGGGGTCCTGATTCTCCAAGTCGAGGAAGCCAACGTGCAAATCCTTGAAGCTGAGCTCATGGCAGAGATCTCGGCCCAGGCAAGAGAGAGGCGGCTGGTGGCTGTCCCGTGGCCCCCACCCCTTGGGGATAGATGTAGCTGGAGGAGGGGGATGTTTGTTTCTCCACCACCCACCCTCTGGTGACGTCACACCCCCGCAGCCAATGGCTGGGGTCTCTCTCTCCTCCCCCCTCCCCATTCCTTTTCCCCCCCAGCCTAGGGCTAGGGCTGACAGACGGGACCAGGAGCTCTCGAGGTGTCTGGAGGCTCAGCGGTAAGAGATCAGCCGGCCGGTCCCTTCCCTGGCCAGGCTGAGACACTGTGGGAATGAGGT,TACATTTTCAGTCTCTTTTAACTCGTTTAATCTTCACCACAGCCGCATAAGGTGGGTACTCTTACTATCCGCAAAGAGAAGCTGTGACTGGCAGCAGGTCACCCAGCGAGGAAGTGGTCGCGCTGCGATTTGAACCCAAGTTGACAGGGAGAGGGAGTGAAAGGAGTTTACAGTAGAGGCAGTTGGCCAGGCCCGGGTCCTGGAGCCAGGAAACAGTGGGGCTGGGGTGGGGTCCTGATTCTCCAAGTCGAGGAAGCCAACGTGCAAATCCTTGAAGCTGAGCTCATGGCAGAGATCTCGGCCCAGGCAAGAGAGAGGCGGCTGGTGGCTGTCCCGTGGCCCCCACCCCTTGGGGATAGATGTAGCTGGAGGAGGGGGATGTTTGTTTCTCCACCACCCACCCTCTGGTGACGTCACACCCCCGCAGCCAATGGCTGGGGTCTCTCTCTCCTCCCCCCTCCCCATTCCTTTTCCCCCCCAGCCTAGGGCTAGGGCTGACAGACGGGACCAGGAGCTCTCGAGGTGTCTGGAGGCTCAGCGGTAAGAGATCAGCCGGCCGGTCCCTTCCCTGGCCAGGCTGAGACACTGTGGGAATGAGGT
14,FP000029,CAGAGAGGGAGTGGAGAGGGAGACGCGCCGGGACCGACGAACAATCCTGCCCCTGCGGCAAAGGTCTCTACCCGGCGCTGGCACCTCGCAGGCCCCTCGAGGAGCACGCAGGGCAAGCGGCCCAAGAGCGGGGGAACCGGGAAGTGTGTGGGGCTCCAGACGGAGTAGGAAGCTTTGCCCAAGGCCAGGCTGCAATCAGGCAGCCGCAACAGCCGGGCGCGGAGCTTCCCACCTGCTGCTGTCCCAGCTGGGCCGCAACTTCCTCCTCCCCGGCCCGGGCCCGACTCCCCGGCCGGGCTCCGAGGGTGGAGGGGGACGAGGCGGCGGCAGGTTCCCTCCGCTGGCAACGCCTCGCAGCATCCTCCCCTCCCCGCCGCGGTTCCCGGGGCCGGCCGCGCGGCCAGGCGCGCTGCGATTGGCCGGCAGCGGCCGGGGGCGGGGCCAGGAGAGCCGGTGTCGCACGGACCGCCTCAAAAGAGCCCAGGATATTGCAGAGCGCACTGGAGCCCTGGCCAGCGCGCAGCCTTCCCGGCGCCGGCGGGCTGGGTCTTGGGAATTCTGGTTTGCTTTGGCTCACTCGCTTTTTACAAACCACTGGAT,CAGAGAGGGAGTGGTGAGGGAGACGCGCCGGGACCGACGAACAATCCTGCCCCTGCGGCAAAGGTCTCTACCCGGCGCTGGCACCTCGCAGGCCCCTCGAGGAGCACGCAGGGCAAGCGGCCCAAGAGCGGGGGAACCGGGAAGTGTGTGGGGCTCCAGACGGAGTAGGAAGCTTTGCCCAAGGCCAGGCTGCAATCAGGCAGCCGCAACAGCCGGGCGCGGAGCTTCCCACCTGCTGCTGTCCCAGCTGGGCCGCAACTTCCTCCTCCCCGGCCCGGGCCCGACTCCCCGGCCGGGCTCCGAGGGTGGAGGGGGACGAGGCGGCGGCAGGTTCCCTCCGCTGGCAACGCCTCGCAGCATCCTCCCCTCCCCGCCGCGGTTCCCGGGGCCGGCCGCGCGGCCAGGCGCGCTGCGATTGGCCGGCAGCGGCCGGGGGCGGGGCCAGGAGAGCCGGTGTCGCACGGACCGCCTCAAAAGAGCCCAGGATATTGCAGAGCGCACTGGAGCCCTGGCCAGCGCGCAGCCTTCCCGGCGCCGGCGGGCTGGGTCTTGGGAATTCTGGTTTGCTTTGGCTCACTCGCTTTTTACAAACCACTGGAT
15,FP000009,ATCTCGGCCTCCCAAAGTGCTGGGATTACAGGCGTGAGCCACCATGCCCGGACGAGAACAGTTTTCTTTAGGCTTTGGGTTGCTCCTTTTCCTTTTTGCTTTCACAACCGAAATGCGTGCTCAGAGTGATCCAAGATATTTGAAGAACAGTGGCAGCTTGGAGGTGTTTAATCACCGTAAATTCGAGACGGCAGAAAGGCGTCCCCGCCTGGAGCCCCGGGCGATCGCTCACTCTGAGCAGCGTCGCCCAGCGGACAGAGGCGGCTGGTGTGTTCCGGGGTCTCCCTCCCTTCCCGCAGCACTCGGCGCCCGCAAGCTGCCACCTCCCGGGGCGGCCAGGGAAACTCAGCCGGCTCTGGGAGGCGGGGGCCGCGGTCGAGGGGCGCCGCTATTGGCTGATCGGGCGGGGGAGGAGGGGCAGGGAGGCCGTGATTGGCGGGGACCCGAGCTGAAGGGGGCGGGGCCGCTATATCAGCAGAGTCCCTGTCGCAGCGCAGGCAGTTGGGCTGCTGGAGTGCGGCGCCACCGCGGAGGACAGGGGCAGCTGGCGGGCAGCGGGTGAGGGGGTGGCGGGGACGCGAGTGGCGGCCGCGGGGCCCC,ATCTCGGCCTCCCAAAGTGCTGGGATTACACGCGTGAGCCACCATGCCCGGACGAGAACAGTTTTCTTTAGGCTTTGGGTTGCTCCTTTTCCTTTTTGCTTTCACAACCGAAATGCGTGCTCAGAGTGATCCAAGATATTTGAAGAACAGTGGCAGCTTGGAGGTGTTTAATCACCGTAAATTCGAGACGGCAGAAAGGCGTCCCCGCCTGGAGCCCCGGGCGATCGCTCACTCTGAGCAGCGTCGCCCAGCGGACAGAGGCGGCTGGTGTGTTCCGGGGTCTCCCTCCCTTCCCGCAGCACTCGGCGCCCGCAAGCTGCCACCTCCCGGGGCGGCCAGGGAAACTCAGCCGGCTCTGGGAGGCGGGGGCCGCGGTCGAGGGGCGCCGCTATTGGCTGATCGGGCGGGGGAGGAGGGGCAGGGAGGCCGTGATTGGCGGGGACCCGAGCTGAAGGGGGCGGGGCCGCTATATCAGCAGAGTCCCTGTCGCAGCGCAGGCAGTTGGGCTGCTGGAGTGCGGCGCCACCGCGGAGGACAGGGGCAGCTGGCGGGCAGCGGGTGAGGGGGTGGCGGGGACGCGAGTGGCGGCCGCGGGGCCCC
16,FP000003,TTGCATAACCCAAAGTCACAAAGATTTATTATGTTTTATTGCAGAAGTTTCATAGTTTAATTTTTTAAATTATGATCTATTAATTTTTATATCTAGCATTAGGTATGATTTCTTTTACATATGGACGTCCAATTATTTCATCTCTATTTGTTGAAATGACTATTATTTCTCCAGTCATGACTCAAGAAAGAATTATGTCATACTAATTCCCAGGAAATTGTAAAGGACAGACTGTGCTCCACAGCACGTGAGTTGAAACAAGGAAGAAGGGAGGAAGAAAAGAAGCAGTGGTAGCCTCCCAGGTGAGAGGTATGTGGACAGTGATCCTGCTTCCAGGTTCAATGTCATTGGTTGGATATTATGGAAGTGCCAAAGCTACAAACCTAGTCTTGGGCGTGTGCCTTGTTGACACCTCCCCTGGTTGTGAAAGCAGCAGCATGCCCAGGCTGTGCATCACACACCGTGCACAAGATAAAAGCACTCCTGCCCTGGGCTCCTCATCCACCGTCTCCTCAGGAACAGCCTTCTCCTGCCTCCTCTGCACCTGGTGAGTGTCCAGCAGGGGATGGGACTCAACTTGGGATGTTGGAACAGAAAACT,TTGCATAACCCAAAGTCACAAAGATTTATTATGTTTTAGTGCAGAAGTTTCATAGTTTAATTTTTTAAATTATGATCTATTAATTTTTATATCTAGCATTAGGTATGATTTCTTTTACATATGGACGTCCAATTATTTCATCTCTATTTGTTGAAATGACTATTATTTCTCCAGTCATGACTCAAGAAAGAATTATGTCATACTAATTCCCAGGAAATTGTAAAGGACAGACTGTGCTCCACAGCACGTGAGTTGAAACAAGGAAGAAGGGAGGAAGAAAAGAAGCAGTGGTAGCCTCCCAGGTGAGAGGTATGTGGACAGTGATCCTGCTTCCAGGTTCAATGTCATTGGTTGGATATTATGGAAGTGCCAAAGCTACAAACCTAGTCTTGGGCGTGTGCCTTGTTGACACCTCCCCTGGTTGTGAAAGCAGCAGCATGCCCAGGCTGTGCATCACACACCGTGCACAAGATAAAAGCACTCCTGCCCTGGGCTCCTCATCCACCGTCTCCTCAGGAACAGCCTTCTCCTGCCTCCTCTGCACCTGGTGAGTGTCCAGCAGGGGATGGGACTCAACTTGGGATGTTGGAACAGAAAACT
17,FP000037,ACCTGACTTCTCACCGGCCTTAGCACTCCACGCCCCAGATGTGGCCCAGGAAACTCTTTGGAACTCTCTACTCCAGAGTGAATGGGGAATAGAAATGGAGAGGATTTCTATGCTATTCTGTGGGGCGTCAGCGTGAAATTACACATTCTGCACAGGTTGAGTTTGCATATTGTATTTTAGTTTGCATTCCTTTCACAGACAATTTAAGGGATTTTCAATTAAATTTCTAAATTTTAATTGAATTCCTTAATTTTAATTGTGGGAACTTTCCTGGATCCAAACAACAGACGTTGACCCTCCTAGTGAGATCCCAGGTCACAAACCGTGGAGCGGCTCCAGCCTGACTGGCAAGTGTGGCTTGCAAAACGCGGAAAACCGAGACACGCCCAGAGATAGGAGGAGGGAAGTGCAGGCCCCGTCCAATAAGTATTCAGGCCCCGCCCGCCACGTCGCTGGCCACGCCCCGGCCCGGCCTCTCCGTTCGCGCGCAGCCGCCTGCAGACCCGGAAGTGGATGGCGTGGAGATATGGCGCAACTGCGGCGCGTGAGTTTTCCTTTGTTTAGATTAAGTGTTCGCTTAGCGGTGCCCTCACGCTTCTG,ACCTGACTTCTCACCGGCCTTAGCACTCCACGCCTCAGATGTGGCCCAGGAAACTCTTTGGAACTCTCTACTCCAGAGTGAATGGGGAATAGAAATGGAGAGGATTTCTATGCTATTCTGTGGGGCGTCAGCGTGAAATTACACATTCTGCACAGGTTGAGTTTGCATATTGTATTTTAGTTTGCATTCCTTTCACAGACAATTTAAGGGATTTTCAATTAAATTTCTAAATTTTAATTGAATTCCTTAATTTTAATTGTGGGAACTTTCCTGGATCCAAACAACAGACGTTGACCCTCCTAGTGAGATCCCAGGTCACAAACCGTGGAGCGGCTCCAGCCTGACTGGCAAGTGTGGCTTGCAAAACGCGGAAAACCGAGACACGCCCAGAGATAGGAGGAGGGAAGTGCAGGCCCCGTCCAATAAGTATTCAGGCCCCGCCCGCCACGTCGCTGGCCACGCCCCGGCCCGGCCTCTCCGTTCGCGCGCAGCCGCCTGCAGACCCGGAAGTGGATGGCGTGGAGATATGGCGCAACTGCGGCGCGTGAGTTTTCCTTTGTTTAGATTAAGTGTTCGCTTAGCGGTGCCCTCACGCTTCTG
18,FP000004,GTACTCAGAAACAAGTAAATATAAGCTTGAGAAATACAGGCCTTTGACCCCAAAATTCCAAGACAGGACATGAAAAGAGAGAGCAGAGAAAAGTCATCCTCCTTATTGGGCTATCTCAATTAAGTAGCTAAGTTTCTACAGTATTTGGAGGACTACTATGAGCTACCCACAAAAGAACTAGGAATAAGGAAAACAAGGTAAACTTTCAAATAACACATAATAAAATGGAGTACAGAACTGCAAAGTCACCTGGGAGAAACTACTTGACTCCCAGGCCAAGGGTCCAAGAGTATAACCAGCAGCTTGTGTTTACCATAATCAAAGGAAAAGTAGAAACTGGGTGGCCATGGGAGACTGGCCTACAGTCCCATCCATCACAGAGGGTTGGCGTGTGCTCACCCATTCAAGGACCAATAAATGAGTATCTCTTTAAGAGCAGCTCCTCCCATTTTTCAACAATCTTCCTAATATGTAGGCTCACTAGAACATTTTCTCTTTCAAACTGCCCAGACGGTTGGACAGGACGTAGACACACAGAAGAAAAGAAGACAAAGAACGGGTAGGAAAATTAAAAAGGTAGGAGGCTGAGGCGGGTGGATC,GTACTCAGAAACAAGTAAATATAAGCTTGAGAAATCCAGGCCTTTGACCCCAAAATTCCAAGACAGGACATGAAAAGAGAGAGCAGAGAAAAGTCATCCTCCTTATTGGGCTATCTCAATTAAGTAGCTAAGTTTCTACAGTATTTGGAGGACTACTATGAGCTACCCACAAAAGAACTAGGAATAAGGAAAACAAGGTAAACTTTCAAATAACACATAATAAAATGGAGTACAGAACTGCAAAGTCACCTGGGAGAAACTACTTGACTCCCAGGCCAAGGGTCCAAGAGTATAACCAGCAGCTTGTGTTTACCATAATCAAAGGAAAAGTAGAAACTGGGTGGCCATGGGAGACTGGCCTACAGTCCCATCCATCACAGAGGGTTGGCGTGTGCTCACCCATTCAAGGACCAATAAATGAGTATCTCTTTAAGAGCAGCTCCTCCCATTTTTCAACAATCTTCCTAATATGTAGGCTCACTAGAACATTTTCTCTTTCAAACTGCCCAGACGGTTGGACAGGACGTAGACACACAGAAGAAAAGAAGACAAAGAACGGGTAGGAAAATTAAAAAGGTAGGAGGCTGAGGCGGGTGGATC
19,FP000001,GCATTCCAGCCTGGGCAACAAGAGTGAAACTCCGTCTCAAAAAAAAAAAAAAAAATCCAGAGGCCAGGCTGCACCCCTAACCTGCTGGATCAGAGTGGACAACAGACCTGGGAATCCGCATTTTCACCAGCTTCCCCAGCAGAGTAAGAAAGCTCCCCATTATAGTCTCTGAAAATGCAGAAAATGGAGGTGAGGAAGCAAGAAGCGTCCGAGATCAATATCATATATCTCTGCACCCCCTCAACAGCACCTGCCCCCAACAGTTCCTGGTGCCTAGCCAGGTACCTGTGGGGACTTGCTTCCCAAGAAATTAACTTCCTGGGTGCCGGGGTCGGGACAACAGGTTCGTATACAAATACTGGGTCCCTTCCAGCCAATCCTGAGCTCTCAGCTCTGGGAAGGGGCTGGGCTTTCATGACTGGAGCCAATGAATTGGCACCCTGGGCTGGAGGGGTGGGGCCAGGGGCTTTTAAACCTCATCCTAAGGGGCCTCAGGGGCAGTGTTGGGGTTGGCGGCCACAGCTAAGTCCAACACCAGCATGTCGCTGCAGAGAATCGTGCGTGTGTCCCTGGAGCATCCCACCAGCGCGGTGTGTGTGG,GCATTCCAGCCTGGGCAACAAGATTGAAACTCCGTCTCAAAAAAAAAAAAAAAAATCCAGAGGCCAGGCTGCACCCCTAACCTGCTGGATCAGAGTGGACAACAGACCTGGGAATCCGCATTTTCACCAGCTTCCCCAGCAGAGTAAGAAAGCTCCCCATTATAGTCTCTGAAAATGCAGAAAATGGAGGTGAGGAAGCAAGAAGCGTCCGAGATCAATATCATATATCTCTGCACCCCCTCAACAGCACCTGCCCCCAACAGTTCCTGGTGCCTAGCCAGGTACCTGTGGGGACTTGCTTCCCAAGAAATTAACTTCCTGGGTGCCGGGGTCGGGACAACAGGTTCGTATACAAATACTGGGTCCCTTCCAGCCAATCCTGAGCTCTCAGCTCTGGGAAGGGGCTGGGCTTTCATGACTGGAGCCAATGAATTGGCACCCTGGGCTGGAGGGGTGGGGCCAGGGGCTTTTAAACCTCATCCTAAGGGGCCTCAGGGGCAGTGTTGGGGTTGGCGGCCACAGCTAAGTCCAACACCAGCATGTCGCTGCAGAGAATCGTGCGTGTGTCCCTGGAGCATCCCACCAGCGCGGTGTGTGTGG
