,id,sequence
0,FP000040,AGACATAGAAGCCACTGAAGAATGAAAGCCACGACTAAGTATAGCAAACCTCCGCAAATGTGCTAGTTTGGAAAACATCGTGTCTTTCAAGTAGAAAAATCACAGATTGACTATTTTTTTCTTCCCACAGTTCAGACTAGAATCCAGATTTTTAACCCAAGATCCAGGAACGGTCTTCAGAGAGTTCAAAATCTGACGGCGCCTGAGGACCACCCACTTTTTCGCAGTGGCAACAAAGTGTGGCTGGAGGAGGAGACATTATTCTGCTATGTCACTGCCCAAGGATGATGGACCAATCAGGGCAGTTAGTGAACTCCATCTGGCCAATTAGAAGTCAGAACAGTAGGCGGAACAAGCGAAGCGGATGTGGCTTCTATCAGTCCCGGCTCCAGGGACGGAACCTTCTCAAAGTGGGGGTGGAGACTCTAATTTTCCCGCCTAAAGCATCCCCTGGGATTGGCTACTTTAAGTTCAGAGTACGCATGCTCTGACTTTCTCTCTCTTTCGATTCTTCCATACTCAGAGTACGCACGGTCTGATTTTCTCTTTGGATTCTTCCAAAATCAGAGTAAGCATACGCCGATTTTCTTTTTCCATTCT
1,FP000021,CTGTCTCTATTTAAAACAAAAGATGTAAGGAAAAAAAAGAAAAAAAATGTCAGAGAAGTTCTGGGCCACCTCCCCCATCCCCTACTCCTCCAAAACACACACACACACACACACCTGTCTATAGTCTAAGCAGGTCCTGCTTTTGTAACCCACCCGGGACAGTCCCTGCAACTCCAGCCTGACCTCACTTCCTGCTTCCATAGCTAGTTTGTTTTTCTGACACTTATTGGTAGACACTCCAGATCATTTCATTTTGCTTCCAGTACCCTTTCCACTTCCTAATACAAATGCAAAACAACCTGGGAATCCCCTTTCAGGGGGAAACAACGGTGCAGCTTTAAGAGAAAGAGAAGGGAGGAAGGGGGCGCTGACTCAGATCCTCAGATCCATTGGCTGCTGGAGGGAATCCCACCTCAGGGATTGGGCGTAACAGAGTCCGCCTCCTCTTGTGATTGGCTCAGCCAGAAAAATAAAAGGCGGCTGTGCCGGCCTCCTCCTCAGTTGGAGGGAGGCAGGGAATCTGGCTTGATTGGCGTGCTGAGACGCACCTGGCGCAACCCTCCCTTCTGAATCGAAGTTCAAGTCCCGCGGACACTGCAA
2,FP000026,TATAGTCCACTTCATTCATTAATCATCAAACATGCTATGGATTTTCCATTTTTATAGGATTTGTGTCTTAACTGGGGTAATACTGGTAATTCTTATACTCCCTCTGAAGATGAAAAATGTAGGCCAAAATCATAGACCATGCATAGAAGCTGGATAATGAAGACAGCTCTGGAGGAACATGTAGACACACACACACTGACACACATATATATAAAGTATAAATACATATTTTTTTAAAGTTTATTTTTAACATTTTAAAGCAAAAACCAGCCCTCCCCTCTCCCGGAGTAGGCAGGCCCCGCCCCTCTCCCCAAGTGGGCAGGGACAGCAGTCGCATGGGCAGCTTTCCTTGTGATGTCACAGGTTCCTCTGGGCACACTGCTGCCTGGCCACGCCTCCTTTCCCTTTCATCTTTCTCATTGACCAATGGGATTGGAGCATTAAGGCCACACCCCTATTCTGCATTCTAGTGTGGCCCTGGTTACGCCTCCTCTGGCTCAGTCACACAGCAGCCTTGTAGGTGACTGGAGGTGTTCGCTGATGTGGCCCCAACCCTACCTCCCTCCCCACCCCATGATGTTAGAAGAATCTCGACAGAAT
3,FP000033,GGTGGGTAGAGTGGGGAGCCCTGGCAGGCCCTGACGCCAGGCAGTGGGGCTTGGGGCGATCGGGCGAGCCATCAGGGTGCAGGTGGTCTCCTAGGGGCCCCCCACATTCCCTCGCAGTATTTACACATTGATTCCGGCCTTCTTAGACCTACTGGTCAATGCGTGCGAGTGGGGGGCTGCGAACGGACTTGGACTTAAGAGTTCAGGGGGTCTGTACCCTGGGGGTCCCCAAGGCTCCTGGGGTGTCCACGTGCGGGGGGTGACCAGGCCCTGCCACGCAGCCCCTTTGCACGCTGGGCGCGCCCAGCAGAGCGCGCAGGGCTGGGCGGAGCCGTGGCCCACTAGGCGGAGGCGCCGTGGACAGAGGCGGGGGCGCCCCCCACCCTCTTTCTCGCTTCCCGCCACTGCGTCGGCCAATCAGGAGGCAGGCGCCCGCCCCCGGCACGGCCTCCTGCGGCCCCGCAACTCCCAAATGCCGAGTTTTCGCGGGAAAAAAATCAGAGCAGCTGGCAGCGCGGCGGGCAGCGTTTGCCGAGCGGGCGCTCCGGGTCGCACGCAAGTCCGCGCGGGGTCCGGGCCACGCACGCGGTTTCATCGCCA
4,FP000025,TTTACGACGCCCAGAGCGCTCCTTCTGGACGTGCCCTGGACTCGACTTGGGACTGAGTCTGTGCCGCCTAGGCTGGCAGGGACTCGGCCAGATGCACTAGCGGCAAGGCTGGGCTGACACCGCCTGGGACTCGCTCGCCGTACCTCCAAGGGGCCCAGGTCATGAGGGGGCGGCTGGGGAGACGCCCGCCCGGTGCCCGCCCTGGGCCCGGCGGGTGCCCCCTGCCCGCCGCCTGACGCAATCCGAGGCGCCCTTGCTGCATGCCGGCGCTGGAGAAACCTCCCCTGCCGTTGCATCACTCCTGCCAGGTTTGCCACAGAGGTGGAGCTGAACCAATCAGCGGGCGCGCTGGGCCCGCGGCGCGGTTAAGTGAGAAGCAGAATCCGAAGTTGATTGGCCAAAAGGGGATTTGCCCCACCCCAATCACCGCGGCAGCTGGCCGCGGTGGGCGTGGTCTCCCGGCAAGAAGGTTTAAAGGGCGCCTCCATGGGGGGCGCTCAGCTGGAGCTACCGAGCGGTGCCAGGCCAGGTGTGTGCGTCCGTCGGTCTTTCCGTGCCCACGCCGGAGACCAGCCCCGGAGGCCGCCTGGGCCTATCCCT
5,FP000030,CAGAAACATGAGAAAGTGCCACTCGTAGCGGAGAGGAAAGAAAACCTCAAGGATACGGTTCCCGAGCCTGAGCCCGCTCCCAGCCTTAGCCCCCCAACCCCAGGCTCCGTCCCAGGAGCAGTCGACGCCTCAAAGCGTACGGGACAGGAAGGGGGTGGGGGCGAGAGTCTTGGTTCCCCAGAACGAACGGATCCATAGCGGTTCCCGGTGCCGCAGGCCGCGCGCTTCTCCGACCCCAGCGCGGGGCCCTCGGGCGGGAATGAGCCGAGCCGGGACTTAGCGGCGGGTAGGGGGTTGGGTGGCGCGGGAGAGGGCGGCAGAAGGAGGGAGTTCGAAGAGAGTTGCCGCCAGGGAGAGTGGCAAGTGCCCGCGGTCTCCTTGGAGACGTGCTGGCCAATGGCAGAGGCGGAAGCTGTTTATGGGGGCGGAGCGTCGCCATGGCAGCAGGAGAAGCCTTTGGAGCGGCTACTTAATGCCGGTCCCGGGGCCGCGGTAGCTCAGAGAAGCGCCGTCGGGCGGGGGGGCGGCAAGAGGCGCTGGCAGGGCCCCCGAGCTGGGGGCAGAGAGCCGCAGGGGGTGGGAGCAACTTCTTCCAGAACC
6,FP000011,TCCAGGACCACCACGGATGCTCAGACCCAAAGATACTGTAGTCCCTTATATAAAATGATGCAGTATTTCCATATAACCTATACGCATCCTTCCATATGCCTTACATCATCTCTAGATTACTTGTAATACTTAAGACAACGTAAACGCTATCTAAGTAATTGTTATACTATAGTTTTATTTGTATTTTTATTGCTGTATTGTTATTTTTAATTTAAAACTTTTTTCCAAATATTTTAAATCTGTGCTTCGTTGAATCTGTGGATGTGGAACCCAGACAAAGAGCACCGGCTGTATTAAAATTAAAAAAATTATTAACCAAAAAAAAAAAAAGTAAAACAAGCAAGCAATCACCAATACTCTCTGTTCCAGAAGGCACAGAAGAGGGGAGGAGTTGGGGGGAGGTTCCGCAGCAGGGGCTGTGCCTGGTTGCTCAGCAGTGAAGGAAGCCAAGGAGGGCTTAGAATGTTTGTGGTTTCCACGGCGACAGCCCAGCCCAGGCAGCTGGAGGGAAGGAAGCGATGGCGGAGGAGCGGGAGCCTGAATGTAAGTGGCCTGGAGCGGCTCTTGCTGGCTTGTGAGATTTGCTTGATGTTCAATTGT
7,FP000005,CTTGAACTCGGGAGGCGGAGGTTGCAGTGAGCCGAGATCTCGCCGCTGCACTCCAGCCTGGGCGACAGAGCCAGACTCTGTCTCAAAAAAAAAAAGAAGAAGAAAAGAAAAAGAAAGAAAGAAAAAGGATGGAAGGAGAGAAGAAAAGGAAAGGGGGAAGGGAAGGGGGAAGGGAAGGCGGAAGGGAAGGGAAAGAAAGAAGCGTATTTAGGCAGTATCGCGTTGATTTCAGTCCACGGAACCTCTGGTGACCGGGTAGTGTGACTCCGTCATTGGTAGCCCCCCGCCCACACAGCCGGGACTCGCGGCCTTTGAGGACGTGGGCAGGGCCAGTCTCGCCACGCCGCGGCCAATGCCCCGACCACACGCTGGCCACAGGAGTCCTGGCTCCCATTGGCTGCAGCGGGAAATGGTGAACCAATGCTCATAGACCTTAACGCCCTCCTCTCGGGATCACTTCCGCCTCTGGGGTCAGGCTCCGCCCAGCTTGCCCGGCATCACTCGCGGCATTGGAGTCAAGATGGAGGAGTACGCGCGAGAGCCTTGGTGAGCTTCACCGCTGTCTTTGCATTTCTCTTGCCCCCCTGCCCACTGCCCTCC
8,FP000013,CCGCGGGGGTGGCTCGCGATGGCAGTCGGGGTTCGAGTCCCGCCTGGGGGGCTGCTCCTGCTGGAGAAAACGCCTCCCTGAGGGCGGCGGCAAACGCGCAGCGAGGCCCCGTGCCGCGCCAGAAGCCACCCTGAGAAAGGGGCACCGGGACACCGAGGGGTTCCCACTTTCTCCTCAGCCTGTGACGCCCGCGTCCTCGGGTGGGTTCGAGGGGCGCCTGGGCACGGCCAGCCGAGGCTCTCGAGAGCCCCAGTGTCGTTTTCCACCTCAGGCCTCCTTTCCTGAGGCAGAGCCCGGGACCTCGCGCTCTCGCCTCAGGCTCCGGCCCACGCTCCCGCCCGGCCGCCAGGCGCGCAACGGAAAGCGCCCCCGCCCCGCCCCGCTCCGCCCACTGCGTGACGCGCACCCGGCCGAGCCAATCAGAGCTCGTGGCGCGCGCCCCACACGCCGGCCCCCTCCGCCCCTCAGCTTAAGAAAGGGCGCGCGGACCCGGCAGGCCAGAGTGCCGAGCAGCGCGGTGGGTGCGGCTGTGAGACGGCAGGAGACTTCTGCCCCGCGGTGCACGCGACCCTCGAGACGACAGCGCGGCTACTGCCAGCA
9,FP000038,TAAAGGAGCGCCCGCTTTAAATTTCGGTCCTGATATTTGTAGATCAGGGTCCGAGAAGCATCTTCCAAGAGGGTCCGGAAACCCAGGCTCTCTGGGCTATCCAGAGCCAGCCGCTTCTCCGTTCGGGCCTCAATTTCTCTCATCTGTGAAATGGAGCTGGAGAAGTGAGAAAGTGAATATGGGAAAAACTGATTCCTGAGGTCTTTTCATTATAAGGCAATGCCTGCTTAGCTTCCTTGCCTCCTTCCAGAGGAGCCCAGTGCGGCCCTCGCCTCTACCCGCTGCCCTGCCCGGTGCCCTGCCACCGACCCACCCTTGCTGTTCTGAAACCCGGGTCGTCTTTCCACACTGCGAGCAGGCACTAGACGAGCAGGAGGCTGGACCTAGGAGCGCGGGTCACGCCCCCATGCCGCCCATTGGCTGCTTTTGAACGTTCTGAGCCCGCCCCTCCGGGGGCCGTGGCGTGTTTATAAAAGACAAGCTGTGGCTCCGCACTCTCATTCCACGTTCTTAACTGTTCCATTTTCCGTATCTGCTTCGGGCTTCCACCTCATTTTTTTCGCTTTGCCCATTCTGTTTCAGCCAGTCGCCAAGAATCAT
10,FP000015,TCCTTCCCGGGCTCAGCTGCACATCCTGCAGAGCTGGGTGGGCGGGGTCAGGGGCAGTGAGGACCCAGGAGAGCAGTGGCCAGCGCCAGCCCCCTCCAGCCCCGCAAAGAGAGAGGCGAGTGGAGAGGAGGAAGGCCACCTTGGGACCCTGGGAGGCAGCAGATGACAGCCCGCCCAGCGCCCGGGAGGGGGCGTGGGAGGGGCGCCCAGTGCCCGGCTCAGTCCCTCGGTCCCCGCAGGCTGAATGAGCCCCGCCGTCCGGGGTGGGAGGTACGGAGCGGAGGGATTAGTCATCCTGGCCCCGCCATGTGTGCAGGGGGTGGGACCTCCCGTCCCTTGCCGCCCGGGAGCCGAGTGGGCGCAGGGCGGGGCCTGCAGGGGCGCGGGCGGGGCGCTGGCGGGGAGCCTGCGGCTGGGCCAATGAGAAACCGGGCTCGGCGAGCCGGCCGCCCACGGGCCTCGCTGGCTGCATAAAGAGCCGGCGGCCAGGACTCAGCGCAGAGCTCGGGCGCGGCGTCCTCCCTCCGCAGCAGCCGAGCCGGACCTGCCTCCCCGGGCGTGCTCCGCCGGCCCCGCCGCCGGCCCGCAGCGACAGACAGG
11,FP000014,ACTCGCACAAGTGTCCAGAGATCGTAGCCAGACAGCCAGCCTGCGCTTGAAGCAACTTTTAAGTGAGGCTGCAAGAGCCGCCGGGATGTAGATTTTAGTTCGTGGCCAAGCACAACTACGACACCCTGTCCCTGCCCCCACCCCATCCCCAAGAATGCATGGAGGAAGGAGAGAGGACGAGGTGAGGGCCGCCTGCATTTCTGCACGTCGGCGCCGGTTAGAAACCCTGCAGTTTTGAGAGAGAAGAAGAGGAGATGGAGGGGCCAGGAGCCACGACTCCCGGGAGAGCGCAGGGAGGGGCGTGGGTGCCCCTTCGCCCACCTCCGCCCCCGTCACCTCGACAGCTGTCCCGCTCTTGGAATTCATTGGCTTCCTCTACCCGGCCTCCCAAACACCACCCCAATCTAGTTTAGCCCCCCGCCCCACCCTCGCTGACCTAATAAGGCCATGCAGTGTGCGGGGGAGCTACATAAAAGCGCGGGCTCGCGGCGACTCTGCACCACGCAGGGGAAGAGAAAGCAGGAGCCGTCCAGCACGGAGGAAGGCGACCATGGCCAAGGAGTGGGGCTACGCCAGTCACAACGGTGAGTGCAGGCAGCC
12,FP000028,GCGTGGGGGTCTGGTCCCCAAGATGTTGGGCTTGGGGCCCTCTCGGGCCCTCCATACTCCCCAAGGTGTGGGTCAAGGGCTCTAGCTGTCTGGGCAGTGCCCATGCACCCTGCCCTGCCCCGCATTGGTAAGCTGTGCATGTCTGTGACGACCCTGTGTGTACCTGACATGGGTGAGTCTGTACGTGTGGTCTCGGCTTTTGTATTCGGAGGATCCCGTGTGAGCTGCAGCTGTTGGCGTGTGCCTATGTGCTGGGGGCGGATGCAGGGGCTGGGGACCATCAAGGATGATGTGTGGCTGGGGTGGGAGGAGCAGTGACAGGGCTGGGGCAAGGAGGACTTCAGAAGCCAATTGGAGCCAGGCTTGTCTCCCAGCAGCCAATATGGGAGCTGGGGCTCCTGGTAAGCGAGTGGCTGCTCAGAAACCCTGCGGGGAGGAGGGGCTAGCTAGGCTGGGCCAGGATCCCTGTATAAATGGCCCAGGAGCTGTGCCCCATCACAGAGCCGACCATCTCCCACTCGAGCTGCCCCCGCCCTCTGGACCCGAGTGACTCAGGCCTTTGTTTGTCCTTCCTGGTAGAGGCGGGTTCCCTCCCTCGGC
13,FP000035,TACATTTTCAGTCTCTTTTAACTCGTTTAATCTTCACCACAGCCCCATAAGGTGGGTACTCTTACTATCCGCAAAGAGAAGCTGTGACTGGCAGCAGGTCACCCAGCGAGGAAGTGGTCGCGCTGCGATTTGAACCCAAGTTGACAGGGAGAGGGAGTGAAAGGAGTTTACAGTAGAGGCAGTTGGCCAGGCCCGGGTCCTGGAGCCAGGAAACAGTGGGGCTGGGGTGGGGTCCTGATTCTCCAAGTCGAGGAAGCCAACGTGCAAATCCTTGAAGCTGAGCTCATGGCAGAGATCTCGGCCCAGGCAAGAGAGAGGCGGCTGGTGGCTGTCCCGTGGCCCCCACCCCTTGGGGATAGATGTAGCTGGAGGAGGGGGATGTTTGTTTCTCCACCACCCACCCTCTGGTGACGTCACACCCCCGCAGCCAATGGCTGGGGTCTCTCTCTCCTCCCCCCTCCCCATTCCTTTTCCCCCCCAGCCTAGGGCTAGGGCTGACAGACGGGACCAGGAGCTCTCGAGGTGTCTGGAGGCTCAGCGGTAAGAGATCAGCCGGCCGGTCCCTTCCCTGGCCAGGCTGAGACACTGTGGGAATGAGGT
14,FP000029,CAGAGAGGGAGTGGAGAGGGAGACGCGCCGGGACCGACGAACAATCCTGCCCCTGCGGCAAAGGTCTCTACCCGGCGCTGGCACCTCGCAGGCCCCTCGAGGAGCACGCAGGGCAAGCGGCCCAAGAGCGGGGGAACCGGGAAGTGTGTGGGGCTCCAGACGGAGTAGGAAGCTTTGCCCAAGGCCAGGCTGCAATCAGGCAGCCGCAACAGCCGGGCGCGGAGCTTCCCACCTGCTGCTGTCCCAGCTGGGCCGCAACTTCCTCCTCCCCGGCCCGGGCCCGACTCCCCGGCCGGGCTCCGAGGGTGGAGGGGGACGAGGCGGCGGCAGGTTCCCTCCGCTGGCAACGCCTCGCAGCATCCTCCCCTCCCCGCCGCGGTTCCCGGGGCCGGCCGCGCGGCCAGGCGCGCTGCGATTGGCCGGCAGCGGCCGGGGGCGGGGCCAGGAGAGCCGGTGTCGCACGGACCGCCTCAAAAGAGCCCAGGATATTGCAGAGCGCACTGGAGCCCTGGCCAGCGCGCAGCCTTCCCGGCGCCGGCGGGCTGGGTCTTGGGAATTCTGGTTTGCTTTGGCTCACTCGCTTTTTACAAACCACTGGAT
15,FP000009,ATCTCGGCCTCCCAAAGTGCTGGGATTACAGGCGTGAGCCACCATGCCCGGACGAGAACAGTTTTCTTTAGGCTTTGGGTTGCTCCTTTTCCTTTTTGCTTTCACAACCGAAATGCGTGCTCAGAGTGATCCAAGATATTTGAAGAACAGTGGCAGCTTGGAGGTGTTTAATCACCGTAAATTCGAGACGGCAGAAAGGCGTCCCCGCCTGGAGCCCCGGGCGATCGCTCACTCTGAGCAGCGTCGCCCAGCGGACAGAGGCGGCTGGTGTGTTCCGGGGTCTCCCTCCCTTCCCGCAGCACTCGGCGCCCGCAAGCTGCCACCTCCCGGGGCGGCCAGGGAAACTCAGCCGGCTCTGGGAGGCGGGGGCCGCGGTCGAGGGGCGCCGCTATTGGCTGATCGGGCGGGGGAGGAGGGGCAGGGAGGCCGTGATTGGCGGGGACCCGAGCTGAAGGGGGCGGGGCCGCTATATCAGCAGAGTCCCTGTCGCAGCGCAGGCAGTTGGGCTGCTGGAGTGCGGCGCCACCGCGGAGGACAGGGGCAGCTGGCGGGCAGCGGGTGAGGGGGTGGCGGGGACGCGAGTGGCGGCCGCGGGGCCCC
16,FP000003,TTGCATAACCCAAAGTCACAAAGATTTATTATGTTTTATTGCAGAAGTTTCATAGTTTAATTTTTTAAATTATGATCTATTAATTTTTATATCTAGCATTAGGTATGATTTCTTTTACATATGGACGTCCAATTATTTCATCTCTATTTGTTGAAATGACTATTATTTCTCCAGTCATGACTCAAGAAAGAATTATGTCATACTAATTCCCAGGAAATTGTAAAGGACAGACTGTGCTCCACAGCACGTGAGTTGAAACAAGGAAGAAGGGAGGAAGAAAAGAAGCAGTGGTAGCCTCCCAGGTGAGAGGTATGTGGACAGTGATCCTGCTTCCAGGTTCAATGTCATTGGTTGGATATTATGGAAGTGCCAAAGCTACAAACCTAGTCTTGGGCGTGTGCCTTGTTGACACCTCCCCTGGTTGTGAAAGCAGCAGCATGCCCAGGCTGTGCATCACACACCGTGCACAAGATAAAAGCACTCCTGCCCTGGGCTCCTCATCCACCGTCTCCTCAGGAACAGCCTTCTCCTGCCTCCTCTGCACCTGGTGAGTGTCCAGCAGGGGATGGGACTCAACTTGGGATGTTGGAACAGAAAACT
17,FP000037,ACCTGACTTCTCACCGGCCTTAGCACTCCACGCCCCAGATGTGGCCCAGGAAACTCTTTGGAACTCTCTACTCCAGAGTGAATGGGGAATAGAAATGGAGAGGATTTCTATGCTATTCTGTGGGGCGTCAGCGTGAAATTACACATTCTGCACAGGTTGAGTTTGCATATTGTATTTTAGTTTGCATTCCTTTCACAGACAATTTAAGGGATTTTCAATTAAATTTCTAAATTTTAATTGAATTCCTTAATTTTAATTGTGGGAACTTTCCTGGATCCAAACAACAGACGTTGACCCTCCTAGTGAGATCCCAGGTCACAAACCGTGGAGCGGCTCCAGCCTGACTGGCAAGTGTGGCTTGCAAAACGCGGAAAACCGAGACACGCCCAGAGATAGGAGGAGGGAAGTGCAGGCCCCGTCCAATAAGTATTCAGGCCCCGCCCGCCACGTCGCTGGCCACGCCCCGGCCCGGCCTCTCCGTTCGCGCGCAGCCGCCTGCAGACCCGGAAGTGGATGGCGTGGAGATATGGCGCAACTGCGGCGCGTGAGTTTTCCTTTGTTTAGATTAAGTGTTCGCTTAGCGGTGCCCTCACGCTTCTG
18,FP000004,GTACTCAGAAACAAGTAAATATAAGCTTGAGAAATACAGGCCTTTGACCCCAAAATTCCAAGACAGGACATGAAAAGAGAGAGCAGAGAAAAGTCATCCTCCTTATTGGGCTATCTCAATTAAGTAGCTAAGTTTCTACAGTATTTGGAGGACTACTATGAGCTACCCACAAAAGAACTAGGAATAAGGAAAACAAGGTAAACTTTCAAATAACACATAATAAAATGGAGTACAGAACTGCAAAGTCACCTGGGAGAAACTACTTGACTCCCAGGCCAAGGGTCCAAGAGTATAACCAGCAGCTTGTGTTTACCATAATCAAAGGAAAAGTAGAAACTGGGTGGCCATGGGAGACTGGCCTACAGTCCCATCCATCACAGAGGGTTGGCGTGTGCTCACCCATTCAAGGACCAATAAATGAGTATCTCTTTAAGAGCAGCTCCTCCCATTTTTCAACAATCTTCCTAATATGTAGGCTCACTAGAACATTTTCTCTTTCAAACTGCCCAGACGGTTGGACAGGACGTAGACACACAGAAGAAAAGAAGACAAAGAACGGGTAGGAAAATTAAAAAGGTAGGAGGCTGAGGCGGGTGGATC
19,FP000001,GCATTCCAGCCTGGGCAACAAGAGTGAAACTCCGTCTCAAAAAAAAAAAAAAAAATCCAGAGGCCAGGCTGCACCCCTAACCTGCTGGATCAGAGTGGACAACAGACCTGGGAATCCGCATTTTCACCAGCTTCCCCAGCAGAGTAAGAAAGCTCCCCATTATAGTCTCTGAAAATGCAGAAAATGGAGGTGAGGAAGCAAGAAGCGTCCGAGATCAATATCATATATCTCTGCACCCCCTCAACAGCACCTGCCCCCAACAGTTCCTGGTGCCTAGCCAGGTACCTGTGGGGACTTGCTTCCCAAGAAATTAACTTCCTGGGTGCCGGGGTCGGGACAACAGGTTCGTATACAAATACTGGGTCCCTTCCAGCCAATCCTGAGCTCTCAGCTCTGGGAAGGGGCTGGGCTTTCATGACTGGAGCCAATGAATTGGCACCCTGGGCTGGAGGGGTGGGGCCAGGGGCTTTTAAACCTCATCCTAAGGGGCCTCAGGGGCAGTGTTGGGGTTGGCGGCCACAGCTAAGTCCAACACCAGCATGTCGCTGCAGAGAATCGTGCGTGTGTCCCTGGAGCATCCCACCAGCGCGGTGTGTGTGG
